WBM_RS00005	protein_coding	uroporphyrinogen decarboxylase
WBM_RS00010	protein_coding	pyridoxal phosphate-dependent aminotransferase
WBM_RS05205	pseudogene	QacE family quaternary ammonium compound efflux SMR transporter
WBM_RS00015	pseudogene	hypothetical protein
WBM_RS00020	protein_coding	MFS transporter
WBM_RS00025	protein_coding	serine hydroxymethyltransferase
WBM_RS05210	pseudogene	GIY-YIG nuclease family protein
WBM_RS04970	protein_coding	hypothetical protein
WBM_RS00035	protein_coding	GTPase Era
WBM_RS00040	protein_coding	ribonuclease H-like domain-containing protein
WBM_RS00045	pseudogene	lipase family protein
WBM_RS00050	protein_coding	porin
WBM_RS05900	protein_coding	hypothetical protein
WBM_RS05905	protein_coding	phage BR0599 family protein
WBM_RS00060	tRNA	tRNA-Ser
WBM_RS00065	pseudogene	Fic family protein
WBM_RS00070	protein_coding	MFS transporter
WBM_RS00075	protein_coding	aspartate--tRNA ligase
WBM_RS00080	protein_coding	hypothetical protein
WBM_RS00085	protein_coding	heme ABC exporter ATP-binding protein CcmA
WBM_RS00090	protein_coding	rod shape-determining protein RodA
WBM_RS00095	protein_coding	cation:proton antiporter
WBM_RS00100	protein_coding	NADH:ubiquinone oxidoreductase subunit
WBM_RS00105	protein_coding	outer membrane lipid asymmetry maintenance protein MlaD
WBM_RS05220	pseudogene	phage portal protein
WBM_RS00110	protein_coding	polyribonucleotide nucleotidyltransferase
WBM_RS00115	protein_coding	30S ribosomal protein S15
WBM_RS00125	pseudogene	tRNA pseudouridine(55) synthase TruB
WBM_RS05225	protein_coding	hypothetical protein
WBM_RS00135	protein_coding	cysteine desulfurase
WBM_RS00140	protein_coding	alpha/beta hydrolase
WBM_RS00150	protein_coding	ABC transporter ATP-binding protein
WBM_RS00155	protein_coding	heme biosynthesis protein HemY
WBM_RS00160	protein_coding	deoxyguanosinetriphosphate triphosphohydrolase
WBM_RS00165	protein_coding	bifunctional diaminohydroxyphosphoribosylaminopyrimidine deaminase/5-amino-6-(5-phosphoribosylamino)uracil reductase RibD
WBM_RS05650	protein_coding	hypothetical protein
WBM_RS00175	protein_coding	IscS subfamily cysteine desulfurase
WBM_RS00180	protein_coding	hypothetical protein
WBM_RS05655	protein_coding	hypothetical protein
WBM_RS00190	protein_coding	SurA N-terminal domain-containing protein
WBM_RS00195	protein_coding	tRNA uridine-5-carboxymethylaminomethyl(34) synthesis GTPase MnmE
WBM_RS00200	tRNA	tRNA-Ser
WBM_RS05230	pseudogene	DUF4143 domain-containing protein
WBM_RS00205	protein_coding	hypothetical protein
WBM_RS05660	protein_coding	hypothetical protein
WBM_RS00215	protein_coding	hypothetical protein
WBM_RS00220	protein_coding	hypothetical protein
WBM_RS00225	protein_coding	type I DNA topoisomerase
WBM_RS00230	protein_coding	rhodanese-related sulfurtransferase
WBM_RS00235	protein_coding	iron ABC transporter permease
WBM_RS00240	protein_coding	Co2+/Mg2+ efflux protein ApaG
WBM_RS00245	protein_coding	5-(carboxyamino)imidazole ribonucleotide synthase
WBM_RS00250	protein_coding	aspartate-semialdehyde dehydrogenase
WBM_RS00255	protein_coding	hypothetical protein
WBM_RS00260	protein_coding	amino acid permease
WBM_RS00265	protein_coding	amino acid permease
WBM_RS00270	protein_coding	4-hydroxy-3-methylbut-2-enyl diphosphate reductase
WBM_RS00275	pseudogene	penicillin-binding protein 2
WBM_RS00280	protein_coding	hypothetical protein
WBM_RS00285	protein_coding	isoprenoid biosynthesis glyoxalase ElbB
WBM_RS00290	pseudogene	hypothetical protein
WBM_RS00295	protein_coding	signal recognition particle protein
WBM_RS00300	protein_coding	cation:proton antiporter
WBM_RS05240	protein_coding	hypothetical protein
WBM_RS00310	pseudogene	FAD-dependent oxidoreductase
WBM_RS05665	pseudogene	glutamate synthase subunit beta
WBM_RS00315	protein_coding	3-hydroxyacyl-ACP dehydratase FabZ
WBM_RS00320	protein_coding	OmpH family outer membrane protein
WBM_RS00325	protein_coding	outer membrane protein assembly factor BamA
WBM_RS00330	protein_coding	RIP metalloprotease RseP
WBM_RS00335	protein_coding	succinate dehydrogenase assembly factor 2
WBM_RS00340	protein_coding	cell division protein ZapA
WBM_RS00345	protein_coding	HU family DNA-binding protein
WBM_RS00350	protein_coding	30S ribosomal protein S1
WBM_RS00360	protein_coding	hypothetical protein
WBM_RS00365	tRNA	tRNA-Ala
WBM_RS00370	protein_coding	translational GTPase TypA
WBM_RS00375	pseudogene	Rpn family recombination-promoting nuclease/putative transposase
WBM_RS00380	protein_coding	Mrp/NBP35 family ATP-binding protein
WBM_RS00385	protein_coding	2-octaprenyl-6-methoxyphenyl hydroxylase
WBM_RS00390	pseudogene	transposase
WBM_RS00395	protein_coding	hypothetical protein
WBM_RS00400	protein_coding	hypothetical protein
WBM_RS00405	protein_coding	hypothetical protein
WBM_RS00410	protein_coding	hypothetical protein
WBM_RS00415	protein_coding	hypothetical protein
WBM_RS00420	pseudogene	aspartate aminotransferase family protein
WBM_RS00425	protein_coding	DUF21 domain-containing protein
WBM_RS00430	protein_coding	DUF2312 domain-containing protein
WBM_RS00435	protein_coding	UbiX family flavin prenyltransferase
WBM_RS00440	protein_coding	bifunctional methylenetetrahydrofolate dehydrogenase/methenyltetrahydrofolate cyclohydrolase FolD
WBM_RS00445	protein_coding	polysaccharide deacetylase family protein
WBM_RS00450	protein_coding	penicillin-binding protein
WBM_RS00455	protein_coding	WAS family protein
WBM_RS00460	protein_coding	proline--tRNA ligase
WBM_RS00465	protein_coding	holo-[acyl-carrier-protein] synthase
WBM_RS00470	protein_coding	prolipoprotein diacylglyceryl transferase
WBM_RS00475	protein_coding	SsrA-binding protein SmpB
WBM_RS00480	protein_coding	hypothetical protein
WBM_RS05670	protein_coding	hypothetical protein
WBM_RS00490	protein_coding	CvpA family protein
WBM_RS00495	protein_coding	riboflavin synthase
WBM_RS05910	protein_coding	hypothetical protein
WBM_RS00505	protein_coding	phenylalanine--tRNA ligase subunit alpha
WBM_RS00510	protein_coding	NTP transferase domain-containing protein
WBM_RS00515	pseudogene	IS256 family transposase
WBM_RS00520	protein_coding	hypothetical protein
WBM_RS00525	protein_coding	hypothetical protein
WBM_RS00530	protein_coding	hypothetical protein
WBM_RS00535	protein_coding	50S ribosomal protein L25/general stress protein Ctc
WBM_RS00540	protein_coding	aminoacyl-tRNA hydrolase
WBM_RS05245	pseudogene	ankyrin repeat domain-containing protein
WBM_RS00550	protein_coding	hypothetical protein
WBM_RS00555	pseudogene	hypothetical protein
WBM_RS00560	pseudogene	AAA family ATPase
WBM_RS00565	protein_coding	class I fructose-bisphosphate aldolase
WBM_RS00570	tRNA	tRNA-Cys
WBM_RS00575	pseudogene	phospholipase D family protein
WBM_RS00580	protein_coding	hypothetical protein
WBM_RS00585	protein_coding	quinone-dependent dihydroorotate dehydrogenase
WBM_RS00590	protein_coding	ribonuclease III
WBM_RS00595	pseudogene	secretion system protein
WBM_RS00600	protein_coding	P44/Msp2 family outer membrane protein
WBM_RS00605	protein_coding	tRNA (N(6)-L-threonylcarbamoyladenosine(37)-C(2))-methylthiotransferase MtaB
WBM_RS00610	protein_coding	Asp-tRNA(Asn)/Glu-tRNA(Gln) amidotransferase subunit GatC
WBM_RS00615	protein_coding	ribose-phosphate diphosphokinase
WBM_RS00620	protein_coding	hypothetical protein
WBM_RS00625	protein_coding	hypothetical protein
WBM_RS00630	protein_coding	hypothetical protein
WBM_RS04980	pseudogene	MFS transporter
WBM_RS00645	protein_coding	hypothetical protein
WBM_RS05675	protein_coding	hypothetical protein
WBM_RS00650	protein_coding	16S rRNA (cytosine(1402)-N(4))-methyltransferase RsmH
WBM_RS00655	pseudogene	ankyrin repeat domain-containing protein
WBM_RS00660	pseudogene	transposase
WBM_RS00665	protein_coding	2-oxoglutarate dehydrogenase complex dihydrolipoyllysine-residue succinyltransferase
WBM_RS00670	pseudogene	class II aldolase/adducin family protein
WBM_RS00675	protein_coding	AAA family ATPase
WBM_RS00680	protein_coding	tRNA (adenosine(37)-N6)-threonylcarbamoyltransferase complex dimerization subunit type 1 TsaB
WBM_RS05270	pseudogene	terminase
WBM_RS00695	protein_coding	type I methionyl aminopeptidase
WBM_RS00700	protein_coding	cell division protein FtsA
WBM_RS00705	protein_coding	peptide deformylase
WBM_RS00710	protein_coding	uracil-DNA glycosylase
WBM_RS00715	pseudogene	AAA family ATPase
WBM_RS00720	protein_coding	septal ring lytic transglycosylase RlpA family protein
WBM_RS00725	protein_coding	UDP-N-acetylmuramate--L-alanine ligase
WBM_RS00730	protein_coding	phosphopyruvate hydratase
WBM_RS00735	protein_coding	GTPase ObgE
WBM_RS00740	protein_coding	hypothetical protein
WBM_RS00745	protein_coding	murein biosynthesis integral membrane protein MurJ
WBM_RS00750	tRNA	tRNA-His
WBM_RS00755	pseudogene	alpha/beta hydrolase
WBM_RS00760	protein_coding	cytochrome c family protein
WBM_RS00765	protein_coding	single-stranded-DNA-specific exonuclease RecJ
WBM_RS00770	protein_coding	NADH-quinone oxidoreductase subunit D
WBM_RS00775	protein_coding	DNA replication/repair protein RecF
WBM_RS00780	protein_coding	thioredoxin-dependent thiol peroxidase
WBM_RS00785	protein_coding	HAMP domain-containing histidine kinase
WBM_RS00790	protein_coding	aspartate aminotransferase family protein
WBM_RS00795	protein_coding	16S rRNA processing protein RimM
WBM_RS00800	protein_coding	elongation factor P
WBM_RS00805	protein_coding	inositol monophosphatase family protein
WBM_RS00810	protein_coding	5-aminolevulinate synthase
WBM_RS05680	protein_coding	hypothetical protein
WBM_RS00815	protein_coding	hypothetical protein
WBM_RS00820	protein_coding	hypothetical protein
WBM_RS00825	protein_coding	ankyrin repeat domain-containing protein
WBM_RS05275	pseudogene	ankyrin repeat domain-containing protein
WBM_RS00830	protein_coding	hypothetical protein
WBM_RS00835	protein_coding	hypothetical protein
WBM_RS04990	protein_coding	hypothetical protein
WBM_RS04995	protein_coding	hypothetical protein
WBM_RS00845	protein_coding	molecular chaperone HtpG
WBM_RS05000	protein_coding	hypothetical protein
WBM_RS05005	protein_coding	hypothetical protein
WBM_RS00855	protein_coding	HAD-IA family hydrolase
WBM_RS00860	protein_coding	RDD family protein
WBM_RS00865	pseudogene	bacterioferritin
WBM_RS00870	protein_coding	SURF1 family protein
WBM_RS00875	protein_coding	cation:proton antiporter
WBM_RS00880	protein_coding	thioredoxin family protein
WBM_RS00885	protein_coding	dTMP kinase
WBM_RS00890	protein_coding	P44/Msp2 family outer membrane protein
WBM_RS00895	protein_coding	hypothetical protein
WBM_RS00900	protein_coding	ATP-dependent zinc metalloprotease FtsH
WBM_RS00905	protein_coding	tRNA lysidine(34) synthetase TilS
WBM_RS00910	protein_coding	OmpA family protein
WBM_RS00915	protein_coding	carboxypeptidase
WBM_RS00920	protein_coding	rod shape-determining protein
WBM_RS00925	protein_coding	tRNA 2-thiouridine(34) synthase MnmA
WBM_RS00930	pseudogene	transposase
WBM_RS00935	protein_coding	hypothetical protein
WBM_RS00945	protein_coding	class II fructose-bisphosphatase
WBM_RS00955	protein_coding	redox-regulated ATPase YchF
WBM_RS00960	protein_coding	CCA tRNA nucleotidyltransferase
WBM_RS00965	protein_coding	hypothetical protein
WBM_RS05685	protein_coding	hypothetical protein
WBM_RS00975	protein_coding	hypothetical protein
WBM_RS00980	protein_coding	hypothetical protein
WBM_RS00985	protein_coding	hypothetical protein
WBM_RS00990	pseudogene	HK97 family phage prohead protease
WBM_RS00995	protein_coding	MFS transporter
WBM_RS01000	pseudogene	Rpn family recombination-promoting nuclease/putative transposase
WBM_RS01005	protein_coding	nucleoside deaminase
WBM_RS01010	protein_coding	CTP synthase
WBM_RS01015	protein_coding	preprotein translocase subunit SecG
WBM_RS01020	pseudogene	hypothetical protein
WBM_RS01025	protein_coding	UvrD-helicase domain-containing protein
WBM_RS01030	protein_coding	4-(cytidine 5'-diphospho)-2-C-methyl-D-erythritol kinase
WBM_RS01035	protein_coding	Mth938-like domain-containing protein
WBM_RS01040	protein_coding	metal ABC transporter permease
WBM_RS01045	protein_coding	DNA polymerase III subunit delta
WBM_RS01050	pseudogene	Fic family protein
WBM_RS01055	protein_coding	4-hydroxy-tetrahydrodipicolinate reductase
WBM_RS01060	protein_coding	phosphate ABC transporter ATP-binding protein
WBM_RS01065	protein_coding	1-deoxy-D-xylulose-5-phosphate reductoisomerase
WBM_RS01070	protein_coding	hypothetical protein
WBM_RS01075	protein_coding	ATP-dependent chaperone ClpB
WBM_RS01080	protein_coding	NAD-glutamate dehydrogenase
WBM_RS01085	protein_coding	hypothetical protein
WBM_RS01090	protein_coding	PleD family two-component system response regulator
WBM_RS05015	protein_coding	hypothetical protein
WBM_RS01100	protein_coding	protein translocase subunit SecF
WBM_RS01105	protein_coding	TIGR02281 family clan AA aspartic protease
WBM_RS01110	protein_coding	membrane protein insertase YidC
WBM_RS01115	protein_coding	6,7-dimethyl-8-ribityllumazine synthase
WBM_RS01120	protein_coding	transcription antitermination factor NusB
WBM_RS01125	protein_coding	translation initiation factor IF-1
WBM_RS01130	protein_coding	septum formation protein Maf
WBM_RS05020	protein_coding	hypothetical protein
WBM_RS01140	protein_coding	DNA primase
WBM_RS01145	protein_coding	multifunctional ribose 5-phosphate isomerase B/3-demethylubiquinone-9 3-methyltransferase/2-octaprenyl-6-hydroxy phenol methylase
WBM_RS05690	protein_coding	hypothetical protein
WBM_RS05290	protein_coding	TrbC/VirB2 family protein
WBM_RS01155	protein_coding	methionine--tRNA ligase
WBM_RS05695	protein_coding	hypothetical protein
WBM_RS01165	protein_coding	sodium:alanine symporter family protein
WBM_RS01170	protein_coding	hypothetical protein
WBM_RS01175	protein_coding	hypothetical protein
WBM_RS05700	pseudogene	phage terminase large subunit
WBM_RS01200	protein_coding	Bcr/CflA family efflux MFS transporter
WBM_RS01205	protein_coding	bifunctional demethylmenaquinone methyltransferase/2-methoxy-6-polyprenyl-1,4-benzoquinol methylase UbiE
WBM_RS01210	pseudogene	FtsW/RodA/SpoVE family cell cycle protein
WBM_RS01215	protein_coding	ATP-binding cassette domain-containing protein
WBM_RS01225	protein_coding	arginine--tRNA ligase
WBM_RS01230	pseudogene	sodium:proton antiporter
WBM_RS01235	protein_coding	RluA family pseudouridine synthase
WBM_RS01240	protein_coding	pyruvate dehydrogenase (acetyl-transferring) E1 component subunit alpha
WBM_RS01245	protein_coding	protoporphyrinogen oxidase HemJ
WBM_RS01250	protein_coding	pyruvate, phosphate dikinase
WBM_RS01255	pseudogene	transposase
WBM_RS01260	protein_coding	4-hydroxy-tetrahydrodipicolinate synthase
WBM_RS01265	protein_coding	single-stranded DNA-binding protein
WBM_RS01270	protein_coding	hypothetical protein
WBM_RS01275	tRNA	tRNA-Arg
WBM_RS01280	protein_coding	hypothetical protein
WBM_RS01285	protein_coding	hypothetical protein
WBM_RS01290	protein_coding	hypothetical protein
WBM_RS01295	protein_coding	type I secretion system permease/ATPase
WBM_RS01300	protein_coding	tRNA (adenosine(37)-N6)-threonylcarbamoyltransferase complex transferase subunit TsaD
WBM_RS01305	pseudogene	hypothetical protein
WBM_RS01310	protein_coding	hypothetical protein
WBM_RS01315	protein_coding	superoxide dismutase
WBM_RS01320	protein_coding	insulinase family protein
WBM_RS01325	protein_coding	preprotein translocase subunit YajC
WBM_RS01330	protein_coding	glutamine--fructose-6-phosphate transaminase (isomerizing)
WBM_RS01335	protein_coding	hypothetical protein
WBM_RS01340	protein_coding	hypothetical protein
WBM_RS01345	protein_coding	phosphoribosylformylglycinamidine cyclo-ligase
WBM_RS01350	protein_coding	phosphoribosylaminoimidazolesuccinocarboxamide synthase
WBM_RS01355	protein_coding	tRNA (guanosine(37)-N1)-methyltransferase TrmD
WBM_RS01360	protein_coding	50S ribosomal protein L19
WBM_RS01365	protein_coding	hypothetical protein
WBM_RS01370	protein_coding	DUF3333 domain-containing protein
WBM_RS01375	protein_coding	phosphoribosylformylglycinamidine synthase subunit PurQ
WBM_RS01380	pseudogene	LD-carboxypeptidase
WBM_RS01385	protein_coding	lipoyl(octanoyl) transferase LipB
WBM_RS01390	protein_coding	ribulose-phosphate 3-epimerase
WBM_RS01395	tRNA	tRNA-Arg
WBM_RS01400	protein_coding	complex I NDUFA9 subunit family protein
WBM_RS01405	protein_coding	UDP-N-acetylmuramoyl-tripeptide--D-alanyl-D-alanine ligase
WBM_RS05030	protein_coding	hypothetical protein
WBM_RS01415	protein_coding	HIT domain-containing protein
WBM_RS01420	protein_coding	NADH-quinone oxidoreductase subunit A
WBM_RS01425	protein_coding	NADH-quinone oxidoreductase subunit B
WBM_RS01430	protein_coding	NADH-quinone oxidoreductase subunit C
WBM_RS01435	protein_coding	malate dehydrogenase
WBM_RS01440	protein_coding	TatD family hydrolase
WBM_RS01445	protein_coding	RNA pyrophosphohydrolase
WBM_RS01450	protein_coding	ribosome silencing factor
WBM_RS01455	protein_coding	tyrosine--tRNA ligase
WBM_RS01460	protein_coding	hypothetical protein
WBM_RS05320	pseudogene	virulence RhuM family protein
WBM_RS01470	protein_coding	hypothetical protein
WBM_RS01475	protein_coding	Holliday junction branch migration protein RuvA
WBM_RS01480	protein_coding	Holliday junction branch migration DNA helicase RuvB
WBM_RS01485	protein_coding	hypothetical protein
WBM_RS01490	protein_coding	DNA-3-methyladenine glycosylase
WBM_RS01495	protein_coding	amidophosphoribosyltransferase
WBM_RS01500	protein_coding	oxidoreductase NAD-binding domain protein
WBM_RS01505	protein_coding	5-formyltetrahydrofolate cyclo-ligase
WBM_RS05045	protein_coding	hypothetical protein
WBM_RS01515	protein_coding	DNA mismatch repair protein MutS
WBM_RS01520	protein_coding	ribonuclease D
WBM_RS01525	protein_coding	dephospho-CoA kinase
WBM_RS01530	protein_coding	nitronate monooxygenase
WBM_RS05055	protein_coding	hypothetical protein
WBM_RS01540	protein_coding	excinuclease ABC subunit UvrA
WBM_RS01550	protein_coding	hypothetical protein
WBM_RS01555	pseudogene	transposase
WBM_RS05325	pseudogene	tetratricopeptide repeat protein
WBM_RS05705	protein_coding	hypothetical protein
WBM_RS05335	protein_coding	transposase
WBM_RS01565	protein_coding	preprotein translocase subunit SecA
WBM_RS01570	protein_coding	hypothetical protein
WBM_RS01575	protein_coding	ribonucleotide-diphosphate reductase subunit beta
WBM_RS01580	protein_coding	outer membrane protein assembly factor BamE
WBM_RS01585	pseudogene	hypothetical protein
WBM_RS01595	protein_coding	phosphoribosylformylglycinamidine synthase
WBM_RS01600	protein_coding	PD-(D/E)XK nuclease family protein
WBM_RS01605	protein_coding	adenylosuccinate synthase
WBM_RS01610	protein_coding	hypothetical protein
WBM_RS01615	protein_coding	glutamine synthetase
WBM_RS01620	protein_coding	chromosomal replication initiator protein DnaA
WBM_RS01625	protein_coding	metallophosphoesterase
WBM_RS01630	tRNA	tRNA-Leu
WBM_RS01635	protein_coding	GTP cyclohydrolase II
WBM_RS01640	protein_coding	type IV secretion system protein
WBM_RS01645	protein_coding	P-type conjugative transfer protein VirB9
WBM_RS01650	protein_coding	TrbI/VirB10 family protein
WBM_RS01655	protein_coding	P-type DNA transfer ATPase VirB11
WBM_RS01660	protein_coding	type IV secretory system conjugative DNA transfer family protein
WBM_RS01665	protein_coding	P44/Msp2 family outer membrane protein
WBM_RS01670	protein_coding	peptide chain release factor N(5)-glutamine methyltransferase
WBM_RS01675	protein_coding	heme lyase CcmF/NrfE family subunit
WBM_RS05710	protein_coding	ankyrin repeat domain-containing protein
WBM_RS01680	protein_coding	ankyrin repeat domain-containing protein
WBM_RS05715	protein_coding	ankyrin repeat domain-containing protein
WBM_RS05720	protein_coding	hypothetical protein
WBM_RS01685	protein_coding	DNA repair protein RecO
WBM_RS01690	protein_coding	gamma carbonic anhydrase family protein
WBM_RS01695	protein_coding	D-alanyl-D-alanine carboxypeptidase
WBM_RS05350	pseudogene	type II toxin-antitoxin system RelE/ParE family toxin
WBM_RS01700	protein_coding	hypothetical protein
WBM_RS01705	protein_coding	dCTP deaminase
WBM_RS05355	protein_coding	hypothetical protein
WBM_RS01715	protein_coding	substrate-binding domain-containing protein
WBM_RS01720	protein_coding	magnesium transporter
WBM_RS01725	protein_coding	peptide chain release factor 2
WBM_RS01730	protein_coding	ankyrin repeat domain-containing protein
WBM_RS01750	protein_coding	twin-arginine translocase subunit TatC
WBM_RS01755	protein_coding	type I glyceraldehyde-3-phosphate dehydrogenase
WBM_RS01760	protein_coding	hypothetical protein
WBM_RS01765	protein_coding	replicative DNA helicase
WBM_RS01770	tRNA	tRNA-Leu
WBM_RS01775	protein_coding	RDD family protein
WBM_RS05360	pseudogene	hypothetical protein
WBM_RS01785	protein_coding	DUF721 domain-containing protein
WBM_RS01790	protein_coding	50S ribosomal protein L28
WBM_RS01795	protein_coding	lipoyl synthase
WBM_RS01800	pseudogene	hypothetical protein
WBM_RS01815	protein_coding	AsmA-like C-terminal domain-containing protein
WBM_RS01820	protein_coding	ribonuclease HI
WBM_RS01825	protein_coding	protoheme IX farnesyltransferase
WBM_RS01830	protein_coding	cytochrome c oxidase subunit I
WBM_RS01835	protein_coding	cytochrome c oxidase subunit II
WBM_RS01840	protein_coding	HlyD family type I secretion periplasmic adaptor subunit
WBM_RS01845	protein_coding	3-oxoacyl-[acyl-carrier-protein] reductase
WBM_RS01850	protein_coding	TrbC/VirB2 family protein
WBM_RS01855	protein_coding	M48 family metalloprotease
WBM_RS01860	protein_coding	3,4-dihydroxy-2-butanone-4-phosphate synthase
WBM_RS01865	protein_coding	transcription elongation factor GreA
WBM_RS01870	protein_coding	F0F1 ATP synthase subunit alpha
WBM_RS01875	protein_coding	ATP synthase F1 subunit delta
WBM_RS01880	pseudogene	YraN family protein
WBM_RS01885	protein_coding	50S ribosomal protein L17
WBM_RS01890	protein_coding	DNA-directed RNA polymerase subunit alpha
WBM_RS01895	protein_coding	30S ribosomal protein S11
WBM_RS01900	protein_coding	30S ribosomal protein S13
WBM_RS01905	protein_coding	nucleoside monophosphate kinase
WBM_RS01910	protein_coding	preprotein translocase subunit SecY
WBM_RS01915	protein_coding	50S ribosomal protein L15
WBM_RS01920	protein_coding	30S ribosomal protein S5
WBM_RS01925	protein_coding	50S ribosomal protein L18
WBM_RS01930	protein_coding	50S ribosomal protein L6
WBM_RS01935	protein_coding	30S ribosomal protein S8
WBM_RS01940	protein_coding	30S ribosomal protein S14
WBM_RS01945	protein_coding	50S ribosomal protein L5
WBM_RS01950	protein_coding	50S ribosomal protein L24
WBM_RS01955	protein_coding	50S ribosomal protein L14
WBM_RS01960	protein_coding	30S ribosomal protein S17
WBM_RS01965	protein_coding	50S ribosomal protein L29
WBM_RS01970	protein_coding	50S ribosomal protein L16
WBM_RS01975	protein_coding	30S ribosomal protein S3
WBM_RS01980	protein_coding	50S ribosomal protein L22
WBM_RS01985	protein_coding	30S ribosomal protein S19
WBM_RS01990	protein_coding	50S ribosomal protein L2
WBM_RS01995	protein_coding	50S ribosomal protein L23
WBM_RS02000	protein_coding	50S ribosomal protein L4
WBM_RS02005	protein_coding	50S ribosomal protein L3
WBM_RS02010	protein_coding	30S ribosomal protein S10
WBM_RS02015	protein_coding	elongation factor Tu
WBM_RS02020	protein_coding	elongation factor G
WBM_RS02025	protein_coding	30S ribosomal protein S7
WBM_RS02030	protein_coding	30S ribosomal protein S12
WBM_RS02035	pseudogene	hypothetical protein
WBM_RS02040	pseudogene	DUF3168 domain-containing protein
WBM_RS02045	pseudogene	phage gp6-like head-tail connector protein
WBM_RS02050	protein_coding	folate-binding protein YgfZ
WBM_RS02055	protein_coding	co-chaperone GroES
WBM_RS02060	protein_coding	chaperonin GroEL
WBM_RS02065	protein_coding	hypothetical protein
WBM_RS05725	pseudogene	phage terminase large subunit
WBM_RS02085	protein_coding	porin
WBM_RS02090	pseudogene	hypothetical protein
WBM_RS02095	protein_coding	hypothetical protein
WBM_RS02100	protein_coding	dUTP diphosphatase
WBM_RS02105	protein_coding	acetylglutamate kinase
WBM_RS02110	protein_coding	YihA family ribosome biogenesis GTP-binding protein
WBM_RS02115	protein_coding	peptide chain release factor 1
WBM_RS02120	protein_coding	multidrug effflux MFS transporter
WBM_RS05915	pseudogene	GDSL family lipase
WBM_RS02135	protein_coding	alanine--tRNA ligase
WBM_RS02140	protein_coding	hypothetical protein
WBM_RS02145	protein_coding	isoleucine--tRNA ligase
WBM_RS02150	protein_coding	tRNA (N6-isopentenyl adenosine(37)-C2)-methylthiotransferase MiaB
WBM_RS02155	protein_coding	endonuclease III
WBM_RS05395	protein_coding	hypothetical protein
WBM_RS05730	protein_coding	hypothetical protein
WBM_RS02165	protein_coding	isocitrate dehydrogenase
WBM_RS02170	protein_coding	hypothetical protein
WBM_RS02175	protein_coding	hypothetical protein
WBM_RS02180	protein_coding	glycine--tRNA ligase subunit alpha
WBM_RS02185	protein_coding	glycine--tRNA ligase subunit beta
WBM_RS02190	protein_coding	excinuclease ABC subunit UvrC
WBM_RS05400	protein_coding	hypothetical protein
WBM_RS05735	protein_coding	hypothetical protein
WBM_RS05405	protein_coding	recombinase family protein
WBM_RS05740	protein_coding	hypothetical protein
WBM_RS02200	protein_coding	porphobilinogen synthase
WBM_RS02205	protein_coding	Rpn family recombination-promoting nuclease/putative transposase
WBM_RS02210	protein_coding	NADH-quinone oxidoreductase subunit NuoH
WBM_RS02215	protein_coding	NADH-quinone oxidoreductase subunit G
WBM_RS02220	protein_coding	hypothetical protein
WBM_RS02225	pseudogene	hypothetical protein
WBM_RS02230	protein_coding	phospholipase D family protein
WBM_RS02235	protein_coding	UbiD family decarboxylase
WBM_RS02240	pseudogene	AAA family ATPase
WBM_RS02245	protein_coding	DsbA family protein
WBM_RS02250	pseudogene	DUF2460 domain-containing protein
WBM_RS02255	pseudogene	Rpn family recombination-promoting nuclease/putative transposase
WBM_RS02260	pseudogene	2-oxoglutarate dehydrogenase E1 component
WBM_RS02265	protein_coding	cation diffusion facilitator family transporter
WBM_RS02270	tRNA	tRNA-Val
WBM_RS05745	pseudogene	hypothetical protein
WBM_RS02280	protein_coding	aspartate carbamoyltransferase catalytic subunit
WBM_RS02285	protein_coding	XRE family transcriptional regulator
WBM_RS02290	protein_coding	DNA-directed RNA polymerase subunit omega
WBM_RS02295	protein_coding	hypothetical protein
WBM_RS02300	protein_coding	monovalent cation/H(+) antiporter subunit G
WBM_RS02305	protein_coding	DUF4040 domain-containing protein
WBM_RS02310	protein_coding	Na(+)/H(+) antiporter subunit B
WBM_RS02315	protein_coding	cation:proton antiporter subunit C
WBM_RS02320	protein_coding	RNA polymerase sigma factor RpoD
WBM_RS02325	protein_coding	ankyrin repeat domain-containing protein
WBM_RS02330	protein_coding	2-oxoglutarate dehydrogenase E1 component
WBM_RS05410	pseudogene	DnaJ domain-containing protein
WBM_RS02340	protein_coding	DNA mismatch repair endonuclease MutL
WBM_RS02345	protein_coding	5-(carboxyamino)imidazole ribonucleotide mutase
WBM_RS02350	protein_coding	Fe(3+) ABC transporter substrate-binding protein
WBM_RS02355	protein_coding	hypothetical protein
WBM_RS02360	protein_coding	NAD kinase
WBM_RS02365	protein_coding	50S ribosomal protein L31
WBM_RS02370	protein_coding	ACP S-malonyltransferase
WBM_RS02375	protein_coding	2,3-bisphosphoglycerate-independent phosphoglycerate mutase
WBM_RS02380	tRNA	tRNA-Asn
WBM_RS02385	protein_coding	ankyrin repeat domain-containing protein
WBM_RS02390	protein_coding	hypothetical protein
WBM_RS05420	pseudogene	ankyrin repeat domain-containing protein
WBM_RS05075	protein_coding	hypothetical protein
WBM_RS05080	protein_coding	hypothetical protein
WBM_RS05750	protein_coding	hypothetical protein
WBM_RS02405	tRNA	tRNA-Val
WBM_RS02410	protein_coding	DNA gyrase subunit A
WBM_RS02415	protein_coding	ubiquinol-cytochrome c reductase iron-sulfur subunit
WBM_RS02420	protein_coding	16S rRNA (adenine(1518)-N(6)/adenine(1519)-N(6))-dimethyltransferase RsmA
WBM_RS02425	tRNA	tRNA-Thr
WBM_RS02430	protein_coding	triosephosphate isomerase
WBM_RS02435	protein_coding	2-C-methyl-D-erythritol 2,4-cyclodiphosphate synthase
WBM_RS05755	protein_coding	hypothetical protein
WBM_RS02445	pseudogene	ABC transporter ATP-binding protein
WBM_RS02450	pseudogene	hypothetical protein
WBM_RS02455	protein_coding	bifunctional phosphoribosylaminoimidazolecarboxamide formyltransferase/IMP cyclohydrolase
WBM_RS02460	protein_coding	histidine--tRNA ligase
WBM_RS02465	protein_coding	NifU family protein
WBM_RS02470	protein_coding	hypothetical protein
WBM_RS02475	protein_coding	glutaredoxin
WBM_RS02480	protein_coding	bifunctional riboflavin kinase/FMN adenylyltransferase
WBM_RS02485	protein_coding	signal peptidase II
WBM_RS02490	protein_coding	insulinase family protein
WBM_RS02495	protein_coding	insulinase family protein
WBM_RS05760	protein_coding	hypothetical protein
WBM_RS02505	protein_coding	phosphoribosylglycinamide formyltransferase
WBM_RS05435	pseudogene	hypothetical protein
WBM_RS02510	protein_coding	Na+/H+ antiporter subunit E
WBM_RS02515	pseudogene	hypothetical protein
WBM_RS02520	protein_coding	glycerol-3-phosphate acyltransferase
WBM_RS02525	protein_coding	amino acid carrier protein
WBM_RS02530	pseudogene	sodium:alanine symporter family protein
WBM_RS02535	protein_coding	CDP-alcohol phosphatidyltransferase family protein
WBM_RS02540	protein_coding	phosphatidylserine decarboxylase
WBM_RS02545	protein_coding	recombinase RecA
WBM_RS02550	protein_coding	tRNA pseudouridine(38-40) synthase TruA
WBM_RS02555	protein_coding	DNA polymerase III subunit beta
WBM_RS02560	protein_coding	hypothetical protein
WBM_RS02565	protein_coding	RNA polymerase factor sigma-32
WBM_RS02570	protein_coding	P44/Msp2 family outer membrane protein
WBM_RS02575	protein_coding	YbaB/EbfC family nucleoid-associated protein
WBM_RS02580	protein_coding	DNA polymerase III subunit gamma/tau
WBM_RS05440	SRP_RNA	signal recognition particle sRNA small type
WBM_RS05765	protein_coding	hypothetical protein
WBM_RS02585	protein_coding	glutathione S-transferase family protein
WBM_RS02590	protein_coding	O-methyltransferase
WBM_RS02595	protein_coding	DUF2671 domain-containing protein
WBM_RS02600	protein_coding	DsbA family protein
WBM_RS02605	protein_coding	type II toxin-antitoxin system RatA family toxin
WBM_RS05445	ncRNA	6S RNA
WBM_RS02610	protein_coding	ABC transporter substrate-binding protein
WBM_RS02615	pseudogene	bifunctional folylpolyglutamate synthase/dihydrofolate synthase
WBM_RS02620	protein_coding	aspartate kinase
WBM_RS02625	pseudogene	Rpn family recombination-promoting nuclease/putative transposase
WBM_RS02630	protein_coding	TerC family protein
WBM_RS02635	protein_coding	glutamine-hydrolyzing GMP synthase
WBM_RS05450	protein_coding	DUF2924 domain-containing protein
WBM_RS02640	protein_coding	hypothetical protein
WBM_RS02645	protein_coding	glutamate--tRNA ligase
WBM_RS02650	pseudogene	DUF1016 family protein
WBM_RS02655	protein_coding	dihydroorotase
WBM_RS02660	protein_coding	ankyrin repeat domain-containing protein
WBM_RS02665	protein_coding	succinate dehydrogenase flavoprotein subunit
WBM_RS02675	protein_coding	2,3,4,5-tetrahydropyridine-2,6-dicarboxylate N-succinyltransferase
WBM_RS02680	protein_coding	DUF2610 domain-containing protein
WBM_RS02685	protein_coding	hypothetical protein
WBM_RS02690	protein_coding	SAM-dependent methyltransferase
WBM_RS02695	protein_coding	glutamate--tRNA ligase
WBM_RS02700	protein_coding	hypothetical protein
WBM_RS02705	protein_coding	ATP-grasp domain-containing protein
WBM_RS02710	protein_coding	COX15/CtaA family protein
WBM_RS02715	pseudogene	glycosyltransferase
WBM_RS02720	protein_coding	ATP synthase F0F1 subunit B
WBM_RS02725	protein_coding	ATP synthase F0 subunit B
WBM_RS02730	protein_coding	F0F1 ATP synthase subunit C
WBM_RS02735	protein_coding	F0F1 ATP synthase subunit A
WBM_RS02740	protein_coding	phenylalanine--tRNA ligase subunit beta
WBM_RS02745	protein_coding	tRNA dihydrouridine synthase DusB
WBM_RS02750	protein_coding	hypothetical protein
WBM_RS02755	protein_coding	serine--tRNA ligase
WBM_RS02760	protein_coding	phosphoribosylamine--glycine ligase
WBM_RS02765	protein_coding	hypothetical protein
WBM_RS05770	protein_coding	hypothetical protein
WBM_RS02770	protein_coding	hypothetical protein
WBM_RS02775	pseudogene	PD40 domain-containing protein
WBM_RS02785	protein_coding	ribonuclease J
WBM_RS02790	protein_coding	SDR family oxidoreductase
WBM_RS02795	protein_coding	NADH-quinone oxidoreductase subunit NuoI
WBM_RS02800	protein_coding	threonine--tRNA ligase
WBM_RS02805	protein_coding	translation initiation factor IF-3
WBM_RS02810	pseudogene	Rpn family recombination-promoting nuclease/putative transposase
WBM_RS02815	protein_coding	NADH-quinone oxidoreductase subunit NuoF
WBM_RS02820	tRNA	tRNA-Lys
WBM_RS02825	protein_coding	transposase
WBM_RS02830	protein_coding	SDR family oxidoreductase
WBM_RS02835	protein_coding	YihY/virulence factor BrkB family protein
WBM_RS05775	protein_coding	hypothetical protein
WBM_RS05780	protein_coding	hypothetical protein
WBM_RS05090	protein_coding	hypothetical protein
WBM_RS05095	protein_coding	hypothetical protein
WBM_RS02845	protein_coding	phosphomannomutase/phosphoglucomutase
WBM_RS02850	protein_coding	hypothetical protein
WBM_RS02855	protein_coding	hypothetical protein
WBM_RS02860	protein_coding	lipoprotein-releasing ABC transporter permease subunit
WBM_RS02865	pseudogene	mannose-1-phosphate guanyltransferase
WBM_RS02870	protein_coding	hypothetical protein
WBM_RS02875	protein_coding	succinate dehydrogenase, hydrophobic membrane anchor protein
WBM_RS02880	protein_coding	succinate dehydrogenase, cytochrome b556 subunit
WBM_RS02885	rRNA	16S ribosomal RNA
WBM_RS02890	protein_coding	hypothetical protein
WBM_RS02895	protein_coding	Smr/MutS family protein
WBM_RS02900	protein_coding	23S rRNA (guanosine(2251)-2'-O)-methyltransferase RlmB
WBM_RS02905	protein_coding	Bax inhibitor-1/YccA family protein
WBM_RS02910	protein_coding	cytochrome c oxidase assembly protein
WBM_RS02915	protein_coding	UDP-N-acetylmuramoyl-L-alanyl-D-glutamate--2,6-diaminopimelate ligase
WBM_RS02920	protein_coding	cystathionine beta-lyase
WBM_RS02925	protein_coding	BolA family transcriptional regulator
WBM_RS02930	protein_coding	molecular chaperone DnaK
WBM_RS02935	protein_coding	Rne/Rng family ribonuclease
WBM_RS02940	protein_coding	50S ribosomal protein L33
WBM_RS02945	protein_coding	XRE family transcriptional regulator
WBM_RS02960	protein_coding	DNA polymerase III subunit alpha
WBM_RS02965	protein_coding	30S ribosomal protein S6
WBM_RS02970	protein_coding	30S ribosomal protein S18
WBM_RS02975	protein_coding	50S ribosomal protein L9
WBM_RS02980	protein_coding	adenylosuccinate lyase
WBM_RS02985	tRNA	tRNA-Met
WBM_RS05465	protein_coding	ankyrin repeat domain-containing protein
WBM_RS02990	protein_coding	class II fumarate hydratase
WBM_RS02995	protein_coding	cytochrome c-type biogenesis protein CcmH
WBM_RS03000	protein_coding	membrane protein
WBM_RS03005	protein_coding	2Fe-2S iron-sulfur cluster binding domain-containing protein
WBM_RS03010	protein_coding	UDP-N-acetylmuramoyl-L-alanine--D-glutamate ligase
WBM_RS03015	protein_coding	COQ9 family protein
WBM_RS03020	protein_coding	hypothetical protein
WBM_RS03030	protein_coding	hypothetical protein
WBM_RS05785	protein_coding	hypothetical protein
WBM_RS03035	pseudogene	transposase
WBM_RS03040	protein_coding	carbamoyl-phosphate synthase large subunit
WBM_RS05100	protein_coding	hypothetical protein
WBM_RS05105	protein_coding	hypothetical protein
WBM_RS03050	protein_coding	hypothetical protein
WBM_RS05470	pseudogene	DUF1284 domain-containing protein
WBM_RS03055	protein_coding	biotin transporter BioY
WBM_RS03060	pseudogene	nitroreductase family protein
WBM_RS03065	protein_coding	diaminopimelate epimerase
WBM_RS03070	protein_coding	succinate--CoA ligase subunit alpha
WBM_RS03075	protein_coding	ADP-forming succinate--CoA ligase subunit beta
WBM_RS03080	protein_coding	30S ribosomal protein S21
WBM_RS03085	tRNA	tRNA-Pro
WBM_RS03095	protein_coding	hypothetical protein
WBM_RS05790	protein_coding	hypothetical protein
WBM_RS03105	protein_coding	hypothetical protein
WBM_RS03110	protein_coding	hypothetical protein
WBM_RS03115	pseudogene	tetratricopeptide repeat protein
WBM_RS03120	protein_coding	IMP dehydrogenase
WBM_RS03130	protein_coding	transcription termination factor Rho
WBM_RS03135	protein_coding	DUF1013 domain-containing protein
WBM_RS03140	protein_coding	peptidylprolyl isomerase
WBM_RS03145	protein_coding	30S ribosomal protein S16
WBM_RS03150	protein_coding	polyprenyl synthetase family protein
WBM_RS03155	protein_coding	nucleotide exchange factor GrpE
WBM_RS03160	protein_coding	tryptophan--tRNA ligase
WBM_RS05475	pseudogene	hypothetical protein
WBM_RS03175	protein_coding	4-hydroxybenzoate octaprenyltransferase
WBM_RS03180	protein_coding	ribosome-binding factor A
WBM_RS03185	protein_coding	translation initiation factor IF-2
WBM_RS03190	protein_coding	transcription termination/antitermination protein NusA
WBM_RS03195	pseudogene	efflux RND transporter permease subunit
WBM_RS05110	protein_coding	hypothetical protein
WBM_RS05795	protein_coding	hypothetical protein
WBM_RS03210	protein_coding	bifunctional proline dehydrogenase/L-glutamate gamma-semialdehyde dehydrogenase PutA
WBM_RS03215	protein_coding	aconitate hydratase AcnA
WBM_RS03220	protein_coding	protein-export chaperone SecB
WBM_RS03225	protein_coding	Tim44 domain-containing protein
WBM_RS03230	protein_coding	DNA polymerase III subunit epsilon
WBM_RS03235	protein_coding	SCO family protein
WBM_RS03240	pseudogene	Rpn family recombination-promoting nuclease/putative transposase
WBM_RS03245	protein_coding	ETC complex I subunit
WBM_RS03250	protein_coding	dienelactone hydrolase family protein
WBM_RS03255	protein_coding	SDR family oxidoreductase
WBM_RS03265	pseudogene	dihydrofolate reductase
WBM_RS03270	pseudogene	dihydropteroate synthase
WBM_RS03275	pseudogene	iron-containing redox enzyme family protein
WBM_RS03285	protein_coding	NAD-dependent DNA ligase LigA
WBM_RS03290	protein_coding	5'/3'-nucleotidase SurE
WBM_RS05920	protein_coding	hypothetical protein
WBM_RS03300	protein_coding	endopeptidase La
WBM_RS03305	protein_coding	ATP-dependent Clp protease ATP-binding subunit ClpX
WBM_RS03310	protein_coding	ATP-dependent Clp endopeptidase proteolytic subunit ClpP
WBM_RS03315	protein_coding	trigger factor
WBM_RS03320	tRNA	tRNA-Leu
WBM_RS03325	protein_coding	BON domain-containing protein
WBM_RS03330	protein_coding	glutathione synthase
WBM_RS03335	protein_coding	UDP-N-acetylglucosamine--N-acetylmuramyl-(pentapeptide) pyrophosphoryl-undecaprenol N-acetylglucosamine transferase
WBM_RS03340	pseudogene	hypothetical protein
WBM_RS03345	protein_coding	dihydrolipoyl dehydrogenase
WBM_RS03350	pseudogene	PQQ-like beta-propeller repeat protein
WBM_RS03355	protein_coding	dihydrolipoyl dehydrogenase
WBM_RS05965	protein_coding	tyrosine-type recombinase/integrase
WBM_RS05800	protein_coding	hypothetical protein
WBM_RS05115	protein_coding	hypothetical protein
WBM_RS03370	protein_coding	hypothetical protein
WBM_RS05930	protein_coding	ankyrin repeat domain-containing protein
WBM_RS03380	protein_coding	thioredoxin-disulfide reductase
WBM_RS03385	protein_coding	peroxiredoxin
WBM_RS03390	protein_coding	succinyl-diaminopimelate desuccinylase
WBM_RS03395	pseudogene	iron-containing alcohol dehydrogenase
WBM_RS03400	pseudogene	DNA-protecting protein DprA
WBM_RS03405	protein_coding	ferredoxin family protein
WBM_RS05490	pseudogene	RDD family protein
WBM_RS03415	protein_coding	D-alanine--D-alanine ligase
WBM_RS03420	protein_coding	FtsQ-type POTRA domain-containing protein
WBM_RS03425	pseudogene	pyridoxine 5'-phosphate synthase
WBM_RS03430	protein_coding	HU family DNA-binding protein
WBM_RS03435	protein_coding	30S ribosomal protein S9
WBM_RS03440	protein_coding	50S ribosomal protein L13
WBM_RS03445	protein_coding	TolC family protein
WBM_RS03450	pseudogene	DUF2497 domain-containing protein
WBM_RS03455	protein_coding	RlmE family RNA methyltransferase
WBM_RS03460	protein_coding	heme exporter protein CcmB
WBM_RS03465	protein_coding	TraR/DksA family transcriptional regulator
WBM_RS03470	protein_coding	guanylate kinase
WBM_RS03475	protein_coding	pentapeptide repeat-containing protein
WBM_RS03480	protein_coding	ankyrin repeat domain-containing protein
WBM_RS03485	tRNA	tRNA-Ser
WBM_RS03490	protein_coding	inorganic diphosphatase
WBM_RS03495	protein_coding	demethoxyubiquinone hydroxylase family protein
WBM_RS03500	protein_coding	disulfide bond formation protein B
WBM_RS03505	protein_coding	ribosome biogenesis GTPase Der
WBM_RS03515	protein_coding	hypothetical protein
WBM_RS03520	protein_coding	acyl-CoA carboxylase subunit beta
WBM_RS03525	tRNA	tRNA-Thr
WBM_RS03530	protein_coding	bifunctional DNA-formamidopyrimidine glycosylase/DNA-(apurinic or apyrimidinic site) lyase
WBM_RS03535	pseudogene	pyridoxamine 5'-phosphate oxidase
WBM_RS03540	protein_coding	hypothetical protein
WBM_RS03545	tRNA	tRNA-Met
WBM_RS03550	pseudogene	ComEC/Rec2 family competence protein
WBM_RS03555	pseudogene	RluA family pseudouridine synthase
WBM_RS03560	protein_coding	P-type conjugative transfer protein VirB9
WBM_RS03565	protein_coding	cation:proton antiporter
WBM_RS03570	protein_coding	tRNA guanosine(34) transglycosylase Tgt
WBM_RS03575	protein_coding	NADH-quinone oxidoreductase subunit NuoE
WBM_RS05125	protein_coding	hypothetical protein
WBM_RS05810	protein_coding	hypothetical protein
WBM_RS05135	protein_coding	hypothetical protein
WBM_RS05200	RNase_P_RNA	RNase P RNA component class A
WBM_RS03585	protein_coding	response regulator transcription factor
WBM_RS03590	protein_coding	NAD(P)H-dependent glycerol-3-phosphate dehydrogenase
WBM_RS03595	protein_coding	phosphatidylglycerophosphatase A
WBM_RS03600	protein_coding	GNAT family N-acetyltransferase
WBM_RS03605	protein_coding	hypothetical protein
WBM_RS03610	protein_coding	succinate dehydrogenase iron-sulfur subunit
WBM_RS03615	protein_coding	rRNA maturation RNase YbeY
WBM_RS03620	pseudogene	EVE domain-containing protein
WBM_RS03625	protein_coding	cell division protein FtsZ
WBM_RS03630	protein_coding	hypothetical protein
WBM_RS03635	pseudogene	YifB family Mg chelatase-like AAA ATPase
WBM_RS05140	protein_coding	hypothetical protein
WBM_RS05815	protein_coding	hypothetical protein
WBM_RS03650	protein_coding	leucine--tRNA ligase
WBM_RS03655	protein_coding	M23 family metallopeptidase
WBM_RS03665	protein_coding	hypothetical protein
WBM_RS05820	protein_coding	tetratricopeptide repeat protein
WBM_RS03670	tRNA	tRNA-Ile
WBM_RS03675	protein_coding	thioredoxin
WBM_RS03680	protein_coding	3'-5' exonuclease
WBM_RS03685	tRNA	tRNA-Gly
WBM_RS03690	pseudogene	hypothetical protein
WBM_RS03695	protein_coding	tRNA uridine-5-carboxymethylaminomethyl(34) synthesis enzyme MnmG
WBM_RS03700	protein_coding	aminopeptidase P family protein
WBM_RS03705	protein_coding	hypothetical protein
WBM_RS03710	protein_coding	ketoacyl-ACP synthase III
WBM_RS03715	protein_coding	phosphate acyltransferase PlsX
WBM_RS03720	protein_coding	50S ribosomal protein L32
WBM_RS03725	protein_coding	ABC transporter permease
WBM_RS03730	protein_coding	ATP-binding cassette domain-containing protein
WBM_RS03735	protein_coding	cytochrome c maturation protein CcmE
WBM_RS03740	protein_coding	biotin--[acetyl-CoA-carboxylase] ligase
WBM_RS03745	protein_coding	NADH-quinone oxidoreductase subunit N
WBM_RS03750	protein_coding	NADH-quinone oxidoreductase subunit M
WBM_RS03755	protein_coding	NADH-quinone oxidoreductase subunit L
WBM_RS03760	protein_coding	NADH-quinone oxidoreductase subunit NuoK
WBM_RS03765	protein_coding	NADH-quinone oxidoreductase subunit J
WBM_RS03770	protein_coding	hypothetical protein
WBM_RS03775	protein_coding	hypothetical protein
WBM_RS03780	protein_coding	UvrD-helicase domain-containing protein
WBM_RS03785	protein_coding	quinone oxidoreductase
WBM_RS03800	pseudogene	Rpn family recombination-promoting nuclease/putative transposase
WBM_RS03805	protein_coding	leucyl aminopeptidase
WBM_RS03810	protein_coding	dioxygenase
WBM_RS03815	protein_coding	50S ribosomal protein L36
WBM_RS03820	protein_coding	kinase/pyrophosphorylase
WBM_RS03825	protein_coding	cytochrome c biogenesis protein CcsA
WBM_RS05935	protein_coding	hypothetical protein
WBM_RS05515	protein_coding	hypothetical protein
WBM_RS05520	protein_coding	GrpB family protein
WBM_RS03835	protein_coding	ATP-dependent DNA helicase RecG
WBM_RS03840	protein_coding	hypothetical protein
WBM_RS05825	protein_coding	hypothetical protein
WBM_RS03845	protein_coding	tRNA (adenosine(37)-N6)-dimethylallyltransferase MiaA
WBM_RS03850	protein_coding	hypothetical protein
WBM_RS03855	protein_coding	threonylcarbamoyl-AMP synthase
WBM_RS03860	protein_coding	DNA polymerase III subunit delta'
WBM_RS03865	pseudogene	hypothetical protein
WBM_RS03870	protein_coding	conjugal transfer protein TraJ
WBM_RS03875	protein_coding	ribonuclease HII
WBM_RS03880	protein_coding	phospho-N-acetylmuramoyl-pentapeptide-transferase
WBM_RS03885	protein_coding	DNA translocase FtsK 4TM domain-containing protein
WBM_RS05525	protein_coding	YggT family protein
WBM_RS03890	protein_coding	hypothetical protein
WBM_RS05530	tmRNA	transfer-messenger RNA
WBM_RS05535	protein_coding	DNA-directed RNA polymerase subunit beta/beta'
WBM_RS03900	protein_coding	50S ribosomal protein L7/L12
WBM_RS03905	protein_coding	50S ribosomal protein L10
WBM_RS03910	protein_coding	50S ribosomal protein L1
WBM_RS03915	protein_coding	50S ribosomal protein L11
WBM_RS03920	protein_coding	transcription termination/antitermination factor NusG
WBM_RS03925	protein_coding	preprotein translocase subunit SecE
WBM_RS03930	tRNA	tRNA-Trp
WBM_RS03935	protein_coding	elongation factor Tu
WBM_RS03940	tRNA	tRNA-Gly
WBM_RS03945	tRNA	tRNA-Tyr
WBM_RS03950	protein_coding	glutamine-hydrolyzing carbamoyl-phosphate synthase small subunit
WBM_RS03955	protein_coding	hypothetical protein
WBM_RS03960	protein_coding	methionyl-tRNA formyltransferase
WBM_RS03965	protein_coding	50S ribosomal protein L20
WBM_RS03970	protein_coding	50S ribosomal protein L35
WBM_RS03975	protein_coding	PAS domain-containing protein
WBM_RS03980	protein_coding	MerR family transcriptional regulator
WBM_RS03985	protein_coding	integration host factor subunit alpha
WBM_RS03990	pseudogene	MFS transporter
WBM_RS05830	pseudogene	phage terminase large subunit
WBM_RS04010	protein_coding	Fe-S cluster assembly protein IscX
WBM_RS04015	tRNA	tRNA-Leu
WBM_RS04020	protein_coding	30S ribosomal protein S4
WBM_RS04025	protein_coding	transketolase
WBM_RS05555	protein_coding	ankyrin repeat domain-containing protein
WBM_RS04030	protein_coding	hypothetical protein
WBM_RS04035	protein_coding	pyruvate dehydrogenase complex E1 component subunit beta
WBM_RS04045	protein_coding	elongation factor 4
WBM_RS04050	protein_coding	malonyl-CoA decarboxylase
WBM_RS05835	protein_coding	hypothetical protein
WBM_RS05560	protein_coding	hypothetical protein
WBM_RS04065	pseudogene	thiamine diphosphokinase
WBM_RS04070	pseudogene	SPFH domain-containing protein
WBM_RS05565	pseudogene	M23 family metallopeptidase
WBM_RS05970	pseudogene	hypothetical protein
WBM_RS04080	protein_coding	YebC/PmpR family DNA-binding transcriptional regulator
WBM_RS04085	protein_coding	outer membrane protein assembly factor BamD
WBM_RS04090	protein_coding	hypothetical protein
WBM_RS04095	protein_coding	CDP-diacylglycerol--glycerol-3-phosphate 3-phosphatidyltransferase
WBM_RS04100	protein_coding	malate dehydrogenase
WBM_RS04105	protein_coding	BolA/IbaG family iron-sulfur metabolism protein
WBM_RS04110	protein_coding	Grx4 family monothiol glutaredoxin
WBM_RS04115	pseudogene	efflux RND transporter periplasmic adaptor subunit
WBM_RS04120	tRNA	tRNA-Arg
WBM_RS04125	protein_coding	ABC transporter ATP-binding protein
WBM_RS04130	protein_coding	twin-arginine translocase TatA/TatE family subunit
WBM_RS04135	protein_coding	exopolysaccharide biosynthesis protein
WBM_RS04140	protein_coding	cysteine--tRNA ligase
WBM_RS05175	pseudogene	N-acetylmuramoyl-L-alanine amidase
WBM_RS04165	pseudogene	hypothetical protein
WBM_RS04170	protein_coding	phosphoglycerate kinase
WBM_RS04175	protein_coding	NAD(P)/FAD-dependent oxidoreductase
WBM_RS04185	protein_coding	fructose-6-phosphate aldolase
WBM_RS04195	protein_coding	hypothetical protein
WBM_RS04200	protein_coding	F0F1 ATP synthase subunit beta
WBM_RS04205	protein_coding	phosphate ABC transporter permease subunit PstC
WBM_RS05580	protein_coding	50S ribosomal protein L34
WBM_RS05585	protein_coding	ribonuclease P protein component
WBM_RS04215	protein_coding	hypothetical protein
WBM_RS04220	rRNA	5S ribosomal RNA
WBM_RS04225	rRNA	23S ribosomal RNA
WBM_RS04230	protein_coding	methyltransferase domain-containing protein
WBM_RS04235	protein_coding	ribonucleoside-diphosphate reductase subunit alpha
WBM_RS04240	protein_coding	Holliday junction resolvase RuvX
WBM_RS04245	protein_coding	crossover junction endodeoxyribonuclease RuvC
WBM_RS04250	protein_coding	cytochrome c oxidase subunit 3
WBM_RS04255	pseudogene	TenA family transcriptional regulator
WBM_RS04260	protein_coding	methionine adenosyltransferase
WBM_RS04265	tRNA	tRNA-Ile
WBM_RS04270	protein_coding	50S ribosomal protein L27
WBM_RS04275	protein_coding	50S ribosomal protein L21
WBM_RS04280	protein_coding	ankyrin repeat domain-containing protein
WBM_RS05595	protein_coding	hypothetical protein
WBM_RS05940	protein_coding	hypothetical protein
WBM_RS05600	protein_coding	ankyrin repeat domain-containing protein
WBM_RS04285	protein_coding	hypothetical protein
WBM_RS04290	protein_coding	hypothetical protein
WBM_RS04295	protein_coding	hypothetical protein
WBM_RS05840	protein_coding	hypothetical protein
WBM_RS04300	protein_coding	Asp-tRNA(Asn)/Glu-tRNA(Gln) amidotransferase subunit GatB
WBM_RS04305	protein_coding	F0F1 ATP synthase subunit gamma
WBM_RS04310	protein_coding	TldD/PmbA family protein
WBM_RS04315	protein_coding	cold shock domain-containing protein
WBM_RS04320	protein_coding	DEAD/DEAH box helicase
WBM_RS05605	pseudogene	RNA methyltransferase
WBM_RS04330	tRNA	tRNA-Glu
WBM_RS04335	protein_coding	oxygen-dependent coproporphyrinogen oxidase
WBM_RS04340	protein_coding	response regulator
WBM_RS04345	pseudogene	ParA family protein
WBM_RS04350	pseudogene	ParB/RepB/Spo0J family partition protein
WBM_RS04355	protein_coding	TrbC/VirB2 family protein
WBM_RS05610	pseudogene	TrbC/VirB2 family protein
WBM_RS04365	tRNA	tRNA-Arg
WBM_RS04370	protein_coding	DNA recombination protein RmuC
WBM_RS04375	protein_coding	hypothetical protein
WBM_RS04380	pseudogene	phage major capsid protein
WBM_RS05615	pseudogene	IS630 family transposase
WBM_RS04395	protein_coding	hypothetical protein
WBM_RS05845	protein_coding	hypothetical protein
WBM_RS05945	pseudogene	phosphotransferase
WBM_RS04400	protein_coding	2-polyprenylphenol 6-hydroxylase
WBM_RS04405	protein_coding	metal ABC transporter ATP-binding protein
WBM_RS04410	protein_coding	zinc ABC transporter substrate-binding protein
WBM_RS04415	protein_coding	nucleoside-diphosphate kinase
WBM_RS04420	protein_coding	hypothetical protein
WBM_RS04425	protein_coding	ferrochelatase
WBM_RS04430	protein_coding	hypothetical protein
WBM_RS04435	protein_coding	glutamate--cysteine ligase
WBM_RS04440	protein_coding	ATP-dependent protease subunit HslV
WBM_RS04445	protein_coding	ATP-dependent protease ATPase subunit HslU
WBM_RS04455	protein_coding	DNA polymerase I
WBM_RS04460	protein_coding	hypothetical protein
WBM_RS04465	protein_coding	metalloprotease TldD
WBM_RS04470	tRNA	tRNA-Leu
WBM_RS04475	pseudogene	hypothetical protein
WBM_RS05185	protein_coding	hypothetical protein
WBM_RS05190	protein_coding	cation:dicarboxylase symporter family transporter
WBM_RS04485	protein_coding	uroporphyrinogen-III synthase
WBM_RS04490	protein_coding	exodeoxyribonuclease III
WBM_RS04495	protein_coding	AI-2E family transporter
WBM_RS04500	protein_coding	chromosomal DNA replication initiator DnaA
WBM_RS04505	protein_coding	tyrosine-type recombinase/integrase
WBM_RS04510	protein_coding	1-acyl-sn-glycerol-3-phosphate acyltransferase
WBM_RS04515	protein_coding	30S ribosomal protein S20
WBM_RS04520	protein_coding	citrate synthase
WBM_RS04525	protein_coding	FKBP-type peptidyl-prolyl cis-trans isomerase
WBM_RS04530	protein_coding	polyprenyl synthetase family protein
WBM_RS04535	protein_coding	acyl carrier protein
WBM_RS04540	protein_coding	beta-ketoacyl-ACP synthase II
WBM_RS04545	protein_coding	UDP-N-acetylglucosamine 1-carboxyvinyltransferase
WBM_RS04550	protein_coding	FAD-dependent thymidylate synthase
WBM_RS04555	protein_coding	collagenase
WBM_RS04565	protein_coding	hypothetical protein
WBM_RS05850	protein_coding	hypothetical protein
WBM_RS04570	protein_coding	primosomal protein N'
WBM_RS04575	protein_coding	recombination protein RecR
WBM_RS04580	pseudogene	NTPase
WBM_RS05855	protein_coding	hypothetical protein
WBM_RS04585	protein_coding	pyruvate dehydrogenase complex dihydrolipoamide acetyltransferase
WBM_RS05625	pseudogene	hypothetical protein
WBM_RS04595	pseudogene	hypothetical protein
WBM_RS04600	protein_coding	hypothetical protein
WBM_RS04605	protein_coding	type VI secretion protein
WBM_RS04610	protein_coding	hypothetical protein
WBM_RS04615	protein_coding	hypothetical protein
WBM_RS04620	protein_coding	nitronate monooxygenase
WBM_RS04625	protein_coding	cytochrome b
WBM_RS04630	pseudogene	DNA repair protein RadA
WBM_RS04635	protein_coding	signal recognition particle-docking protein FtsY
WBM_RS04640	protein_coding	Fe-S cluster assembly scaffold IscU
WBM_RS04645	protein_coding	iron-sulfur cluster assembly accessory protein
WBM_RS04650	protein_coding	molecular chaperone Hsc20
WBM_RS04655	protein_coding	Fe-S protein assembly chaperone HscA
WBM_RS04660	protein_coding	signal peptidase I
WBM_RS04665	protein_coding	AEC family transporter
WBM_RS04670	protein_coding	Asp-tRNA(Asn)/Glu-tRNA(Gln) amidotransferase subunit GatA
WBM_RS04675	protein_coding	DNA topoisomerase (ATP-hydrolyzing) subunit B
WBM_RS04680	protein_coding	hypothetical protein
WBM_RS04685	tRNA	tRNA-Gln
WBM_RS05630	protein_coding	divalent-cation tolerance protein CutA
WBM_RS04690	protein_coding	hypothetical protein
WBM_RS04695	protein_coding	FtsH protease activity modulator HflK
WBM_RS04700	protein_coding	protease modulator HflC
WBM_RS04705	protein_coding	DegQ family serine endoprotease
WBM_RS04710	protein_coding	hypothetical protein
WBM_RS04715	protein_coding	hypothetical protein
WBM_RS04720	protein_coding	hypothetical protein
WBM_RS04725	protein_coding	excinuclease ABC subunit UvrB
WBM_RS04730	protein_coding	cytochrome c1
WBM_RS04735	protein_coding	cytochrome b/b6
WBM_RS04740	protein_coding	hypothetical protein
WBM_RS05635	pseudogene	IS5 family transposase
WBM_RS05865	protein_coding	hypothetical protein
WBM_RS05870	pseudogene	transposase
WBM_RS04760	protein_coding	hydroxymethylbilane synthase
WBM_RS04765	protein_coding	UDP-N-acetylmuramate dehydrogenase
WBM_RS05950	protein_coding	hypothetical protein
WBM_RS05955	protein_coding	hypothetical protein
WBM_RS05960	protein_coding	hypothetical protein
WBM_RS04775	protein_coding	hypothetical protein
WBM_RS04780	protein_coding	flavodoxin-dependent (E)-4-hydroxy-3-methylbut-2-enyl-diphosphate synthase
WBM_RS04785	pseudogene	hypothetical protein
WBM_RS05875	protein_coding	hypothetical protein
WBM_RS04795	protein_coding	hypothetical protein
WBM_RS04800	protein_coding	hypothetical protein
WBM_RS04805	protein_coding	molecular chaperone DnaJ
WBM_RS04810	protein_coding	valine--tRNA ligase
WBM_RS05880	protein_coding	hypothetical protein
WBM_RS04815	protein_coding	orotidine-5'-phosphate decarboxylase
WBM_RS04830	protein_coding	protein translocase subunit SecD
WBM_RS05885	protein_coding	hypothetical protein
WBM_RS05890	protein_coding	hypothetical protein
WBM_RS04835	protein_coding	dicarboxylate/amino acid:cation symporter
WBM_RS04840	protein_coding	orotate phosphoribosyltransferase
WBM_RS04845	pseudogene	transposase
WBM_RS05895	protein_coding	hypothetical protein
WBM_RS04850	protein_coding	16S rRNA (guanine(966)-N(2))-methyltransferase RsmD
WBM_RS04855	protein_coding	hypothetical protein
WBM_RS04860	protein_coding	type IV secretion system protein
WBM_RS04865	protein_coding	type IV secretion system protein
WBM_RS04870	protein_coding	type IV secretion system protein
WBM_RS04875	protein_coding	type IV secretion system protein
WBM_RS04880	protein_coding	VirB4 family type IV secretion/conjugal transfer ATPase
WBM_RS04885	protein_coding	type IV secretion system protein VirB3
WBM_RS04890	protein_coding	lysine--tRNA ligase
WBM_RS04895	protein_coding	gamma-glutamyl-gamma-aminobutyrate hydrolase family protein
WBM_RS04900	tRNA	tRNA-Phe
WBM_RS04905	protein_coding	pantetheine-phosphate adenylyltransferase
WBM_RS04910	protein_coding	zinc-finger domain-containing protein
WBM_RS04915	protein_coding	CDP-archaeol synthase
WBM_RS04920	protein_coding	di-trans,poly-cis-decaprenylcistransferase
WBM_RS05645	protein_coding	hypothetical protein
WBM_RS04925	protein_coding	ribosome recycling factor
WBM_RS04930	protein_coding	UMP kinase
WBM_RS04935	protein_coding	elongation factor Ts
WBM_RS04940	protein_coding	30S ribosomal protein S2
WBM_RS04945	tRNA	tRNA-Asp
WBM_RS04950	pseudogene	transposase
WBM_RS04955	pseudogene	transposase
WBM_RS04960	protein_coding	CBS domain-containing protein
